Title,Date
Dead to Me: Season 2: You Can't Live Like This,5/13/20
Dead to Me: Season 2: Where Have You Been,5/13/20
Dead to Me: Season 2: You Know What You Did,5/13/20
Dead to Me: Season 1: You Have To Go,5/13/20
Dead to Me: Season 1: I Have To Be Honest,5/13/20
Dead to Me: Season 1: Try To Stop Me,5/13/20
Dead to Me: Season 1: I Can Handle It,5/13/20
Dead to Me: Season 1: Oh My God,5/13/20
Dead to Me: Season 1: I've Gotta Get Away,5/13/20
Dead to Me: Season 1: I Can't Go Back,5/13/20
Dead to Me: Season 1: It's All My Fault,5/13/20
Dead to Me: Season 1: Maybe I'm Crazy,5/13/20
Dead to Me: Season 1: Pilot,5/13/20
Suits: Season 1: Identity Crisis,5/13/20
Suits: Season 1: Play the Man,5/13/20
Suits: Season 1: Tricks of the Trade,5/13/20
Suits: Season 1: Bail Out,5/13/20
Suits: Season 1: Dirty Little Secrets,5/12/20
Rick and Morty: Season 1: Lawnmower Dog,5/12/20
Rick and Morty: Season 1: Pilot,5/12/20
The Conjuring,5/12/20
The Cloverfield Paradox,5/12/20
Unnatural Selection: Limited Series: Our Next Generation,5/12/20
Unnatural Selection: Limited Series: Changing an Entire Species,5/12/20
Unnatural Selection: Limited Series: The First to Try,5/12/20
"Unnatural Selection: Limited Series: Cut, Paste, Life",5/12/20
Suits: Season 1: Inside Track,5/12/20
Suits: Season 1: Errors and Omissions,5/12/20
Unabomber - In His Own Words: Season 1: Episode 4,5/11/20
Unabomber - In His Own Words: Season 1: Episode 3,5/11/20
Unabomber - In His Own Words: Season 1: Episode 2,5/11/20
Unabomber - In His Own Words: Season 1: Episode 1,5/11/20
Community: Season 6: Emotional Consequences of Broadcast Television,5/11/20
Community: Season 6: Wedding Videography,5/11/20
Community: Season 6: Modern Espionage,5/11/20
Community: Season 6: Basic RV Repair & Palmistry,5/11/20
Community: Season 6: Grifting 101,5/11/20
Community: Season 6: Intro To Recycled Cinema,5/11/20
Community: Season 6: Advanced Safety Feature,5/11/20
Community: Season 6: Basic Email Security,5/11/20
Community: Season 6: Laws Of Robotics & Party Rights,5/11/20
Community: Season 6: Queer Studies & Advanced Waxing,5/11/20
Community: Season 6: Basic Crisis Room Decorum,5/11/20
How to Get Away With Murder: Season 5: Please Say No One Else Is Dead,5/11/20
How to Get Away With Murder: Season 5: Make Me the Enemy,5/11/20
How to Get Away With Murder: Season 5: Where Are Your Parents?,5/11/20
How to Get Away With Murder: Season 5: We Know Everything,5/11/20
The Last Dance: Season 1: Episode VIII,5/11/20
The Last Dance: Season 1: Episode VII,5/11/20
Manhunt: Unabomber: USA vs. Theodore J. Kaczynski,5/11/20
Manhunt: Unabomber: Lincoln,5/11/20
Manhunt: Unabomber: Ted,5/11/20
Manhunt: Unabomber: Abri,5/11/20
Manhunt: Unabomber: Publish or Perish,5/11/20
Manhunt: Unabomber: Fruit of the Poisonous Tree,5/11/20
Manhunt: Unabomber: Pure Wudder,5/11/20
Manhunt: Unabomber: UNABOM,5/11/20
Community: Season 6: Lawnmower Maintenance & Postnatal Care,5/10/20
Community: Season 6: Ladders,5/10/20
Community: Season 5: Basic Sandwich,5/10/20
Community: Season 5: Basic Story,5/10/20
Community: Season 5: G.I. Jeff,5/10/20
Community: Season 5: Advanced Advanced Dungeons & Dragons,5/10/20
Community: Season 5: VCR Maintenance and Educational Publishing,5/10/20
Community: Season 5: App Development and Condiments,5/10/20
Community: Season 5: Bondage and Beta Male Sexuality,5/10/20
Community: Season 5: Analysis of Cork-Based Networking,5/10/20
Community: Season 5: Geothermal Escapism,5/10/20
Community: Season 5: Cooperative Polygraphy,5/10/20
Community: Season 5: Basic Intergluteal Numismatics,5/10/20
Community: Season 5: Introduction to Teaching,5/10/20
Community: Season 5: Repilot,5/10/20
Community: Season 4: Advanced Introduction to Finality,5/10/20
Community: Season 4: Heroic Origins,5/10/20
Community: Season 4: Basic Human Anatomy,5/10/20
17 Again,5/10/20
The Blacklist: Season 7: Roy Cain (No. 150),5/10/20
Community: Season 4: Intro to Knots,5/10/20
Into the Night: Season 1: Terenzio,5/9/20
Into the Night: Season 1: Rik,5/9/20
Into the Night: Season 1: Ayaz,5/9/20
Into the Night: Season 1: Mathieu,5/9/20
Into the Night: Season 1: Jakub,5/9/20
Into the Night: Season 1: Sylvie,5/9/20
Adam Devine: Best Time of Our Lives,5/9/20
Community: Season 4: Intro to Felt Surrogacy,5/9/20
Community: Season 4: Herstory of Dance,5/9/20
Community: Season 4: Economics of Marine Biology,5/9/20
Community: Season 4: Advanced Documentary Filmmaking,5/9/20
Community: Season 4: Cooperative Escapism in Familial Relations,5/9/20
Community: Season 4: Alternative History of the German Invasion,5/9/20
Community: Season 4: Conventions of Space and Time,5/8/20
Community: Season 4: Paranormal Parentage,5/8/20
Community: Season 4: History 101,5/8/20
Becoming,5/8/20
Riverdale: Season 4: Chapter Seventy-Six: Killing Mr. Honey,5/8/20
Community: Season 3: Introduction to Finality,5/8/20
Community: Season 3: The First Chang Dynasty,5/8/20
Community: Season 3: Digital Estate Planning,5/8/20
Community: Season 3: Curriculum Unavailable,5/8/20
Community: Season 3: Course Listing Unavailable,5/8/20
Too Hot to Handle: Season 1: Extra Hot: The Reunion,5/8/20
Community: Season 3: Basic Lupine Urology,5/8/20
Community: Season 3: Virtual Systems Analysis,5/8/20
Community: Season 3: Origins of Vampire Mythology,5/8/20
Community: Season 3: Pillows and Blankets,5/7/20
Community: Season 3: Digital Exploration of Interior Design,5/7/20
Community: Season 3: Contemporary Impressionists,5/7/20
Community: Season 3: Urban Matrimony and the Sandwich Arts,5/6/20
Community: Season 3: Regional Holiday Music,5/6/20
Community: Season 3: Foosball and Nocturnal Vigilantism,5/6/20
Community: Season 3: Documentary Filmmaking: Redux,5/6/20
Community: Season 3: Studies in Modern Movement,5/6/20
Community: Season 3: Advanced Gay,5/6/20
Community: Season 3: Horror Fiction in Seven Spooky Steps,5/6/20
Community: Season 3: Remedial Chaos Theory,5/6/20
Community: Season 3: Competitive Ecology,5/6/20
Community: Season 3: Geography of Global Conflict,5/6/20
Community: Season 3: Biology 101,5/6/20
Community: Season 2: For a Few Paintballs More,5/6/20
Community: Season 2: A Fist Full of Paintballs,5/6/20
Community: Season 2: Applied Anthropology and Culinary Arts,5/6/20
Community: Season 2: Paradigms of Human Memory,5/6/20
Community: Season 2: Competitive Wine Tasting,5/6/20
Community: Season 2: Critical Film Studies,5/6/20
How to Get Away With Murder: Season 5: Be the Martyr,5/6/20
How to Get Away With Murder: Season 5: Don't Go Dark on Me,5/6/20
How to Get Away With Murder: Season 5: He Betrayed Us Both,5/6/20
Community: Season 2: Custody Law and Eastern European Diplomacy,5/5/20
Community: Season 2: Intro to Political Science,5/5/20
Community: Season 2: Intermediate Documentary Filmmaking,5/5/20
Community: Season 2: Early 21st Century Romanticism,5/5/20
Community: Season 2: Advanced Dungeons and Dragons,5/5/20
Community: Season 2: Celebrity Pharmacology,5/5/20
Community: Season 2: Asian Population Studies,5/5/20
Community: Season 2: Abed's Uncontrollable Christmas,5/5/20
Community: Season 2: Mixology Certification,5/5/20
Community: Season 2: Conspiracy Theories and Interior Design,5/5/20
Community: Season 2: Cooperative Calligraphy,5/5/20
Community: Season 2: Aerodynamics of Gender,5/5/20
Community: Season 2: Epidemiology,5/5/20
Community: Season 2: Messianic Myths and Ancient Peoples,5/5/20
Community: Season 2: Basic Rocket Science,5/5/20
Community: Season 2: The Psychology of Letting Go,5/5/20
Community: Season 2: Accounting for Lawyers,5/5/20
Community: Season 2: Anthropology 101,5/5/20
Community: Season 1: Pascal's Triangle Revisited,5/5/20
Community: Season 1: English as a Second Language,5/5/20
The Last Dance: Season 1: Episode VI,5/5/20
The Last Dance: Season 1: Episode V,5/5/20
Community: Season 1: Modern Warfare,5/4/20
Love: Season 3: Catalina,5/4/20
Love: Season 3: Anniversary Party,5/4/20
Love: Season 3: The Cruikshanks,5/4/20
Love: Season 3: You're My Gran Torino,5/4/20
Love: Season 3: Stunt Show,5/4/20
Love: Season 3: Sarah from College,5/4/20
Love: Season 3: Directing,5/4/20
Love: Season 3: Bertie's Birthday,5/4/20
Love: Season 3: I'm Sick,5/4/20
Love: Season 3: Arya and Greg,5/4/20
Love: Season 3: Winners and Losers,5/4/20
Love: Season 3: Palm Springs Getaway,5/4/20
Love: Season 2: Back in Town,5/4/20
Love: Season 2: The Long D,5/4/20
Love: Season 2: Liberty Down,5/4/20
Love: Season 2: Housesitting,5/4/20
Love: Season 2: Marty Dobbs,5/4/20
Love: Season 2: The Work Party,5/4/20
Love: Season 2: Forced Hiatus,5/4/20
Love: Season 2: A Day,5/4/20
Love: Season 2: Shrooms,5/4/20
Love: Season 2: While You Were Sleeping,5/4/20
Love: Season 2: Friends Night Out,5/4/20
Love: Season 2: On Lockdown,5/4/20
Love: Season 1: The End of the Beginning,5/3/20
Love: Season 1: The Table Read,5/3/20
Love: Season 1: Closing Title Song,5/3/20
Love: Season 1: Magic,5/3/20
Love: Season 1: Andy,5/3/20
Love: Season 1: The Date,5/3/20
Love: Season 1: Party in the Hills,5/3/20
Love: Season 1: Tested,5/3/20
Love: Season 1: One Long Day,5/3/20
Love: Season 1: It Begins,5/3/20
Selling Sunset: Season 1: The Gloves Come Off,5/3/20
Selling Sunset: Season 1: It Takes Two to Make a Thing Go Right,5/3/20
Selling Sunset: Season 1: Real Estate Hunger Games,5/3/20
Selling Sunset: Season 1: The One That Got Away,5/3/20
The Blacklist: Season 7: Brothers,5/3/20
Community: Season 1: The Art of Discourse,5/3/20
Community: Season 1: Contemporary American Poultry,5/3/20
Community: Season 1: The Science of Illusion,5/3/20
Miss Americana,5/3/20
Selling Sunset: Season 1: Loose Lips Sink Relationships,5/2/20
Selling Sunset: Season 1: (Real) Diamonds Are a Girl's Best Friend,5/2/20
Selling Sunset: Season 1: Can't Have Your Cake and Eat It Too,5/2/20
Selling Sunset: Season 1: If Looks Could Sell,5/2/20
Conspiracy: Season 1: The Lockerbie Plot,5/2/20
Conspiracy: Season 1: The Lockerbie Plot,5/2/20
